cluster,url,repository_file,current_role,inbound_exact_href_files,in_sitemap,search_console,backlinks,ga4,crm_delivery,current_decision,proposed_destination,decision_state
medicare,/medicare/,medicare/index.html,canonical Medicare review,69,yes,"0 clicks; 3544 impressions; 0% CTR; position 46.85","GSC property external links total 0; GSC internal links 12","13 active users; 5 engaged sessions; 2 raw generate_lead; QA exclusions unavailable",not applicable by owner direction,keep,,preserve pending measurement evidence
medicare,/medicare-broker-lakeland-fl/,medicare-broker-lakeland-fl/index.html,seasonal local broker review,21,yes,"0 clicks; 12962 impressions; 0% CTR; position 56.24","GSC property external links total 0; GSC internal links 6","2 active users; 3 engaged sessions; 1 raw generate_lead; QA exclusions unavailable",not applicable by owner direction,compare,/medicare/,blocked pending measurement evidence
medicare,/best-medicare-broker-lakeland-fl/,best-medicare-broker-lakeland-fl/index.html,broker selection checklist,20,yes,"1 click; 11506 impressions; under 0.01% CTR; position 44.97","GSC property external links total 0; GSC internal links 5","8 active users; 4 engaged sessions; 0 raw generate_lead; QA exclusions unavailable",not applicable by owner direction,compare,/medicare/,blocked pending measurement evidence
medicare,/local-health-insurance-answers/medicare-plan-help-lakeland/,local-health-insurance-answers/medicare-plan-help-lakeland/index.html,local direct answer,1,yes,unavailable,unavailable,unavailable,unavailable,compare,/medicare/,blocked pending external evidence
medicare,/blog/turning-65-medicare-checklist-florida.html,blog/turning-65-medicare-checklist-florida.html,turning 65 checklist,3,yes,unavailable,unavailable,unavailable,unavailable,keep distinct unless evidence disproves,,preserve pending external evidence
medicare,/blog/when-can-i-switch-medicare-plans-florida.html,blog/when-can-i-switch-medicare-plans-florida.html,switching window guide,18,yes,"1 click; 136 impressions; 0.74% CTR; position 18.84","GSC property external links total 0; target not listed among 41 internal-link rows","1 active user; 1 engaged session; 0 raw generate_lead; QA exclusions unavailable",not applicable by owner direction,keep distinct unless evidence disproves,,preserve pending measurement evidence
medicare,/lp/medicare/,lp/medicare/index.html,conversion landing page,6,no,unavailable,unavailable,unavailable,unavailable,keep outside sitemap,,preserve pending external evidence
self-employed,/self-employed-health-insurance/,self-employed-health-insurance/index.html,canonical projected income guide,2,yes,not returned by linked report filter,"GSC property external links total 0; target not listed among 41 internal-link rows",not returned by linked report filter,not applicable by owner direction,keep,,preserve pending measurement evidence
self-employed,/blog/health-insurance-self-employed-lakeland-polk-county-2026.html,blog/health-insurance-self-employed-lakeland-polk-county-2026.html,dated local guide,1,yes,unavailable,unavailable,unavailable,unavailable,compare,/self-employed-health-insurance/,blocked pending external evidence
self-employed,/blog/freelancer-health-insurance-lakeland-2026.html,blog/freelancer-health-insurance-lakeland-2026.html,freelancer local guide,15,yes,unavailable,unavailable,unavailable,unavailable,compare,/self-employed-health-insurance/,blocked pending external evidence
self-employed,/blog/health-insurance-self-employed-tax-deductions.html,blog/health-insurance-self-employed-tax-deductions.html,tax deduction article,22,yes,"0 clicks; 1144 impressions; 0% CTR; position 83.05","GSC property external links total 0; GSC internal links 5","0 active users; 0 engaged sessions; 0 raw generate_lead; QA exclusions unavailable",not applicable by owner direction,keep distinct tax intent pending content review,,preserve pending measurement evidence
self-employed,/blog/self-employed-tax-deductions-ichra-guide.html,blog/self-employed-tax-deductions-ichra-guide.html,tax and ICHRA article,10,yes,"0 clicks; 121 impressions; 0% CTR; position 42.30","GSC property external links total 0; target not listed among 41 internal-link rows","5 active users; 5 engaged sessions; 0 raw generate_lead; QA exclusions unavailable",not applicable by owner direction,keep distinct tax and employer intent pending content review,,preserve pending measurement evidence
self-employed,/local-health-insurance-answers/self-employed-health-insurance-polk-county/,local-health-insurance-answers/self-employed-health-insurance-polk-county/index.html,local direct answer,1,yes,unavailable,unavailable,unavailable,unavailable,compare,/self-employed-health-insurance/,blocked pending external evidence
job-loss,/losing-coverage/,losing-coverage/index.html,canonical COBRA versus Marketplace guide,5,yes,not returned by linked report filter,"GSC property external links total 0; target not listed among 41 internal-link rows",not returned by linked report filter,not applicable by owner direction,keep,,preserve pending measurement evidence
job-loss,/blog/lost-job-coverage-aca-insurance-florida.html,blog/lost-job-coverage-aca-insurance-florida.html,Florida ACA after job loss answer,1,yes,unavailable,unavailable,unavailable,unavailable,compare,/losing-coverage/,blocked pending external evidence
job-loss,/blog/lost-job-health-insurance-lakeland.html,blog/lost-job-health-insurance-lakeland.html,dated local job loss guide,18,yes,"0 clicks; 160 impressions; 0% CTR; position 44.09","GSC property external links total 0; GSC internal links 5","0 active users; 0 engaged sessions; 0 raw generate_lead; QA exclusions unavailable",not applicable by owner direction,compare,/losing-coverage/,blocked pending measurement evidence
job-loss,/blog/life-change-health-insurance-60-day-window-florida.html,blog/life-change-health-insurance-60-day-window-florida.html,multiple SEP trigger guide,17,yes,unavailable,unavailable,unavailable,unavailable,keep distinct unless evidence disproves,,preserve pending external evidence
job-loss,/local-health-insurance-answers/employee-losing-group-coverage/,local-health-insurance-answers/employee-losing-group-coverage/index.html,employee group loss direct answer,1,yes,unavailable,unavailable,unavailable,unavailable,compare,/losing-coverage/,blocked pending external evidence
florida-guide,/plans/,plans/index.html,canonical coverage path education and routing,247,yes,"1 click; 1270 impressions; 0.08% CTR; position 66.00","GSC property external links total 0; GSC internal links 59","47 active users; 23 engaged sessions; 2 raw generate_lead; QA exclusions unavailable",not applicable by owner direction,keep,,preserve pending measurement evidence
florida-guide,/blog/florida-insurance-guide.html,blog/florida-insurance-guide.html,dated Florida Medicare guide,23,yes,"0 clicks; 637 impressions; 0% CTR; position 41.14; extensionless variant also returned","GSC property external links total 0; GSC internal links 7","0 active users; 0 engaged sessions; 0 raw generate_lead; QA exclusions unavailable",not applicable by owner direction,keep distinct unless evidence disproves,,preserve pending measurement evidence
florida-guide,/blog/florida-aca-enrollment-and-benefits-2026.html,blog/florida-aca-enrollment-and-benefits-2026.html,dated Florida ACA guide,85,yes,"0 clicks; 234 impressions; 0% CTR; position 53.33","GSC property external links total 0; GSC internal links 20","0 active users; 0 engaged sessions; 0 raw generate_lead; QA exclusions unavailable",not applicable by owner direction,keep distinct unless evidence disproves,,preserve pending measurement evidence
